{
  "dataset_name": "financial_phrasebank",
  "model_id": "google/gemma-3n-e4b",
  "accuracy": 0.7268,
  "macro_f1": 0.7385,
  "weighted_f1": 0.7277,
  "num_samples": 970,
  "num_correct": 705,
  "per_class_accuracy": {
    "neutral": 0.6135181975736569,
    "positive": 0.8592057761732852,
    "negative": 0.9741379310344828
  },
  "avg_latency_ms": 352.35,
  "total_time_seconds": 342.23,
  "timestamp": "2025-12-22T16:51:40.352642",
  "num_errors": 0
}